{"cameraMode":{"drawMode":0,"name":"Shaded","section":"Shading Mode"},"sceneLighting":true,"audioPlay":false,"sceneViewState":{"m_AlwaysRefresh":false,"showFog":true,"showSkybox":true,"showFlares":true,"showImageEffects":true,"showParticleSystems":true,"showVisualEffectGraphs":true,"m_FxEnabled":true},"in2DMode":false,"pivot":{"x":2.9097235202789308,"y":-7.876122951507568,"z":30.82896614074707},"rotation":{"x":0.1317104995250702,"y":-0.05647622421383858,"z":0.007516016718000174,"w":0.9896555542945862},"size":21.104455947875978,"orthographic":false}